{
  "model": {
    "type": "select",
    "property": "component",
    "component": "custom_model_data",
    "fallback": {
      "type": "model",
      "model": "minecraft:item/amethyst_shard"
    },
    "cases": [
      {
        "when": {
          "floats": [
            1
          ]
        },
        "model": {
          "type": "model",
          "model": "mccit:item/shards/aqua_shard"
        }
      },
      {
        "when": {
          "floats": [
            2
          ]
        },
        "model": {
          "type": "model",
          "model": "mccit:item/shards/blue_shard"
        }
      },
      {
        "when": {
          "floats": [
            3
          ]
        },
        "model": {
          "type": "model",
          "model": "mccit:item/shards/green_shard"
        }
      },
      {
        "when": {
          "floats": [
            4
          ]
        },
        "model": {
          "type": "model",
          "model": "mccit:item/shards/orange_shard"
        }
      },
      {
        "when": {
          "floats": [
            5
          ]
        },
        "model": {
          "type": "model",
          "model": "mccit:item/shards/red_shard"
        }
      }
    ]
  }
}