{
  "model": {
    "type": "select",
    "property": "component",
    "component": "custom_model_data",
    "fallback": {
      "type": "model",
      "model": "minecraft:block/carved_pumpkin"
    },
    "cases": [
      {
        "when": {
          "floats": [
            1
          ]
        },
        "model": {
          "type": "model",
          "model": "mccit:item/hats/phantom_menace"
        }
      },
      {
        "when": {
          "floats": [
            2
          ]
        },
        "model": {
          "type": "model",
          "model": "mccit:item/hats/phantom_mask"
        }
      },
      {
        "when": {
          "floats": [
            3
          ]
        },
        "model": {
          "type": "model",
          "model": "mccit:item/hats/volcano_hat"
        }
      },
      {
        "when": {
          "floats": [
            4
          ]
        },
        "model": {
          "type": "model",
          "model": "mccit:item/hats/ender_protector"
        }
      }
    ]
  }
}