{
	"credit": "Made with Blockbench",
	"parent": "carved_pumpkin",
	"texture_size": [ 64, 64 ],
	"textures": {
		"1": "custom:item/phantomMenace",
		"particle": "custom:item/phantomMenace"
	},
	"elements": [
		{
			"name": "phantomMenace",
			"from": [ 4, 0, 4 ],
			"to": [ 12, 8, 12 ],
			"rotation": {
				"angle": 0,
				"axis": "y",
				"origin": [ 8, 0, 8 ]
			},
			"faces": {
				"north": {
					"uv": [ 2, 2, 4, 4 ],
					"texture": "#1"
				},
				"east": {
					"uv": [ 0, 2, 2, 4 ],
					"texture": "#1"
				},
				"south": {
					"uv": [ 6, 2, 8, 4 ],
					"texture": "#1"
				},
				"west": {
					"uv": [ 4, 2, 6, 4 ],
					"texture": "#1"
				},
				"up": {
					"uv": [ 4, 2, 2, 0 ],
					"texture": "#1"
				},
				"down": {
					"uv": [ 6, 0, 4, 2 ],
					"texture": "#1"
				}
			}
		},
		{
			"name": "Hat Layer",
			"from": [ 3.5, -0.5, 3.5 ],
			"to": [ 12.5, 8.5, 12.5 ],
			"rotation": {
				"angle": 0,
				"axis": "y",
				"origin": [ 8, 0, 8 ]
			},
			"faces": {
				"north": {
					"uv": [ 10, 2, 12, 4 ],
					"texture": "#1"
				},
				"east": {
					"uv": [ 8, 2, 10, 4 ],
					"texture": "#1"
				},
				"south": {
					"uv": [ 14, 2, 16, 4 ],
					"texture": "#1"
				},
				"west": {
					"uv": [ 12, 2, 14, 4 ],
					"texture": "#1"
				},
				"up": {
					"uv": [ 12, 2, 10, 0 ],
					"texture": "#1"
				},
				"down": {
					"uv": [ 14, 0, 12, 2 ],
					"texture": "#1"
				}
			}
		}
	],
	"display": {
		"thirdperson_righthand": {
			"rotation": [ 0, 90, 0 ],
			"translation": [ 2.5, 1.5, -2.75 ],
			"scale": [ 0.75, 0.75, 0.75 ]
		},
		"thirdperson_lefthand": {
			"rotation": [ 0, 90, 0 ],
			"translation": [ 2.5, 1.5, -2.75 ],
			"scale": [ 0.75, 0.75, 0.75 ]
		},
		"firstperson_righthand": {
			"rotation": [ 0, 142, 0 ],
			"translation": [ 1, 7.75, -1.25 ],
			"scale": [ 0.8, 0.8, 0.8 ]
		},
		"firstperson_lefthand": {
			"rotation": [ 0, 142, 0 ],
			"translation": [ 1, 7.75, -1.25 ],
			"scale": [ 0.8, 0.8, 0.8 ]
		},
		"ground": {
			"translation": [ 0, 4, 0 ]
		},
		"gui": {
			"rotation": [ 0, 180, 0 ],
			"translation": [ 0, 6, 0 ],
			"scale": [ 1.5, 1.5, 1.5 ]
		},
		"head": {
			"translation": [ 0, 8, 0 ],
			"scale": [ 2, 2, 2 ]
		},
		"fixed": {
			"translation": [ 0, 8, 4.25 ],
			"scale": [ 2, 2, 2 ]
		}
	},
	"groups": [
		{
			"name": "phantomMenace",
			"origin": [ 0, 24, 0 ],
			"rotation": [ 6, -5, 0 ],
			"color": 0,
			"children": [ 0, 1 ]
		}
	]
}
