{
    "parent": "minecraft:block/carved_pumpkin",
    "textures": {
        "layer0": "item/carved_pumpkin"
    },

    "overrides": [
        {
            "predicate": { "custom_model_data": 1 },
            "model": "custom:item/phantomMask"
        },

        {
            "predicate": { "custom_model_data": 2 },
            "model": "custom:item/phantomMenace"
        },
        {
            "predicate": { "custom_model_data": 3 },
            "model": "custom:item/volcano_hat"
        },
        {
            "predicate": { "custom_model_data": 4 },
            "model": "custom:item/ender_protector"
        }
    ]
}
