{
	"credit": "Made with Blockbench",
	"texture_size": [64, 64],
	"textures": {
		"4": "mccit:item/hats/helmet_piglin"
	},
	"elements": [
		{
			"name": "head",
			"from": [3.02, 0.02, 4.02],
			"to": [12.98, 7.98, 11.98],
			"rotation": {"angle": 0, "axis": "y", "origin": [8, 0, 8]},
			"faces": {
				"north": {"uv": [2, 2, 4.5, 4], "texture": "#4"},
				"east": {"uv": [0, 2, 2, 4], "texture": "#4"},
				"south": {"uv": [6.5, 2, 9, 4], "texture": "#4"},
				"west": {"uv": [4.5, 2, 6.5, 4], "texture": "#4"},
				"up": {"uv": [4.5, 2, 2, 0], "texture": "#4"},
				"down": {"uv": [7, 0, 4.5, 2], "texture": "#4"}
			}
		},
		{
			"name": "head",
			"from": [6, 0, 3],
			"to": [10, 4, 4],
			"rotation": {"angle": 0, "axis": "y", "origin": [8, 0, 8]},
			"faces": {
				"north": {"uv": [8, 0.5, 9, 1.5], "texture": "#4"},
				"east": {"uv": [7.75, 0.5, 8, 1.5], "texture": "#4"},
				"south": {"uv": [9.25, 0.5, 10.25, 1.5], "texture": "#4"},
				"west": {"uv": [9, 0.5, 9.25, 1.5], "texture": "#4"},
				"up": {"uv": [9, 0.5, 8, 0.25], "texture": "#4"},
				"down": {"uv": [10, 0.25, 9, 0.5], "texture": "#4"}
			}
		},
		{
			"name": "head",
			"from": [5, 0, 3],
			"to": [6, 2, 4],
			"rotation": {"angle": 0, "axis": "y", "origin": [8, 0, 8]},
			"faces": {
				"north": {"uv": [0.75, 1.25, 1, 1.75], "texture": "#4"},
				"east": {"uv": [0.5, 1.25, 0.75, 1.75], "texture": "#4"},
				"south": {"uv": [1.25, 1.25, 1.5, 1.75], "texture": "#4"},
				"west": {"uv": [1, 1.25, 1.25, 1.75], "texture": "#4"},
				"up": {"uv": [1, 1.25, 0.75, 1], "texture": "#4"},
				"down": {"uv": [1.25, 1, 1, 1.25], "texture": "#4"}
			}
		},
		{
			"name": "head",
			"from": [10, 0, 3],
			"to": [11, 2, 4],
			"rotation": {"angle": 0, "axis": "y", "origin": [8, 0, 8]},
			"faces": {
				"north": {"uv": [0.75, 0.25, 1, 0.75], "texture": "#4"},
				"east": {"uv": [0.5, 0.25, 0.75, 0.75], "texture": "#4"},
				"south": {"uv": [1.25, 0.25, 1.5, 0.75], "texture": "#4"},
				"west": {"uv": [1, 0.25, 1.25, 0.75], "texture": "#4"},
				"up": {"uv": [1, 0.25, 0.75, 0], "texture": "#4"},
				"down": {"uv": [1.25, 0, 1, 0.25], "texture": "#4"}
			}
		},
		{
			"name": "leftear",
			"from": [3, 1, 6],
			"to": [4, 6, 10],
			"rotation": {"angle": -22.5, "axis": "z", "origin": [3, 6, 8]},
			"faces": {
				"north": {"uv": [13.75, 2.5, 14, 3.75], "texture": "#4"},
				"east": {"uv": [12.75, 2.5, 13.75, 3.75], "texture": "#4"},
				"south": {"uv": [15, 2.5, 15.25, 3.75], "texture": "#4"},
				"west": {"uv": [14, 2.5, 15, 3.75], "texture": "#4"},
				"up": {"uv": [14, 2.5, 13.75, 1.5], "texture": "#4"},
				"down": {"uv": [14.25, 1.5, 14, 2.5], "texture": "#4"}
			}
		},
		{
			"name": "rightear",
			"from": [12, 1, 6],
			"to": [13, 6, 10],
			"rotation": {"angle": 22.5, "axis": "z", "origin": [13, 6, 8]},
			"faces": {
				"north": {"uv": [10.75, 2.5, 11, 3.75], "texture": "#4"},
				"east": {"uv": [9.75, 2.5, 10.75, 3.75], "texture": "#4"},
				"south": {"uv": [12, 2.5, 12.25, 3.75], "texture": "#4"},
				"west": {"uv": [11, 2.5, 12, 3.75], "texture": "#4"},
				"up": {"uv": [11, 2.5, 10.75, 1.5], "texture": "#4"},
				"down": {"uv": [11.25, 1.5, 11, 2.5], "texture": "#4"}
			}
		},
		{
			"from": [12, 2, 3],
			"to": [13, 9, 13],
			"faces": {
				"north": {"uv": [0, 4.75, 0.25, 6.5], "texture": "#4"},
				"east": {"uv": [0, 4.75, 3, 6.5], "texture": "#4"},
				"south": {"uv": [0, 4.75, 0.25, 6.5], "texture": "#4"},
				"west": {"uv": [0, 4.75, 2.5, 6.5], "texture": "#4"},
				"up": {"uv": [0, 4.75, 2.5, 5], "rotation": 90, "texture": "#4"},
				"down": {"uv": [0, 4.75, 2.5, 5], "rotation": 270, "texture": "#4"}
			}
		},
		{
			"from": [4, 1, 12],
			"to": [12, 9, 13],
			"faces": {
				"north": {"uv": [0, 4.75, 2, 6.75], "texture": "#4"},
				"east": {"uv": [0, 4.75, 0.25, 6.75], "texture": "#4"},
				"south": {"uv": [0.5, 4.75, 2.5, 6.75], "texture": "#4"},
				"west": {"uv": [0, 4.75, 0.25, 6.75], "texture": "#4"},
				"up": {"uv": [0, 4.75, 0.25, 6.75], "rotation": 90, "texture": "#4"},
				"down": {"uv": [0, 4.75, 0.25, 6.75], "rotation": 270, "texture": "#4"}
			}
		},
		{
			"from": [3, 2, 3],
			"to": [4, 9, 13],
			"faces": {
				"north": {"uv": [0, 4.75, 0.25, 6.5], "texture": "#4"},
				"east": {"uv": [0, 4.75, 2.5, 6.5], "texture": "#4"},
				"south": {"uv": [0, 4.75, 0.25, 6.5], "texture": "#4"},
				"west": {"uv": [0, 4.75, 2.5, 6.5], "texture": "#4"},
				"up": {"uv": [0, 4.75, 2.5, 5], "rotation": 90, "texture": "#4"},
				"down": {"uv": [0, 4.75, 2.5, 5], "rotation": 270, "texture": "#4"}
			}
		},
		{
			"from": [7, 4, 3],
			"to": [9, 5, 4],
			"faces": {
				"north": {"uv": [0, 4.75, 0.5, 5.5], "texture": "#4"},
				"east": {"uv": [0, 4.75, 0.25, 5.5], "texture": "#4"},
				"south": {"uv": [0, 4.75, 0.5, 5.5], "texture": "#4"},
				"west": {"uv": [0, 4.75, 0.25, 5.5], "texture": "#4"},
				"up": {"uv": [0, 4.75, 0.25, 5.25], "rotation": 90, "texture": "#4"},
				"down": {"uv": [0, 4.75, 0.25, 5.25], "rotation": 270, "texture": "#4"}
			}
		},
		{
			"from": [4, 5, 3],
			"to": [12, 9, 4],
			"faces": {
				"north": {"uv": [0, 4.75, 2, 5.75], "texture": "#4"},
				"east": {"uv": [0, 4.75, 0.25, 5.75], "texture": "#4"},
				"south": {"uv": [0, 4.75, 2, 5.75], "texture": "#4"},
				"west": {"uv": [0, 4.75, 0.25, 5.75], "texture": "#4"},
				"up": {"uv": [0, 4.75, 0.25, 6.75], "rotation": 90, "texture": "#4"},
				"down": {"uv": [0, 4.75, 0.25, 6.75], "rotation": 270, "texture": "#4"}
			}
		},
		{
			"from": [4, 8, 4],
			"to": [12, 11, 12],
			"faces": {
				"north": {"uv": [0, 4.75, 2, 5.5], "texture": "#4"},
				"east": {"uv": [0, 4.75, 2, 5.5], "texture": "#4"},
				"south": {"uv": [0, 4.75, 2, 5.5], "texture": "#4"},
				"west": {"uv": [0, 4.75, 2, 5.5], "texture": "#4"},
				"up": {"uv": [0, 6.75, 2, 8.75], "rotation": 90, "texture": "#4"},
				"down": {"uv": [0, 4.75, 2, 6.75], "rotation": 270, "texture": "#4"}
			}
		},
		{
			"from": [7, 3, 12],
			"to": [9, 14, 15],
			"faces": {
				"north": {"uv": [7.5, 6, 8, 8.75], "texture": "#4"},
				"east": {"uv": [4, 4.75, 4.75, 7.5], "texture": "#4"},
				"south": {"uv": [4, 4.75, 4.5, 7.5], "texture": "#4"},
				"west": {"uv": [4.75, 4.75, 4, 7.5], "texture": "#4"},
				"up": {"uv": [4, 4.75, 4.75, 5.75], "rotation": 90, "texture": "#4"},
				"down": {"uv": [4, 4.75, 4.75, 5.75], "rotation": 270, "texture": "#4"}
			}
		},
		{
			"from": [7, 10, 3],
			"to": [9, 14, 12],
			"faces": {
				"north": {"uv": [4, 4.75, 4.5, 5.75], "texture": "#4"},
				"east": {"uv": [4.75, 4.75, 7, 5.75], "texture": "#4"},
				"south": {"uv": [4, 4.75, 4.5, 5.75], "texture": "#4"},
				"west": {"uv": [4, 4.75, 6.25, 5.75], "texture": "#4"},
				"up": {"uv": [4, 4.75, 6.25, 5.75], "rotation": 90, "texture": "#4"},
				"down": {"uv": [4, 4.75, 6.25, 5.75], "rotation": 270, "texture": "#4"}
			}
		}
	],
	"display": {
		"thirdperson_righthand": {
			"rotation": [-1, 19, 0],
			"translation": [-0.25, 0, 0],
			"scale": [0.6, 0.6, 0.6]
		},
		"firstperson_righthand": {
			"rotation": [-12, 129, 0],
			"translation": [0.75, 4, 0],
			"scale": [0.42773, 0.42773, 0.42773]
		},
		"firstperson_lefthand": {
			"rotation": [-12, 129, 0],
			"translation": [0.75, 4, 0],
			"scale": [0.42773, 0.42773, 0.42773]
		},
		"ground": {
			"translation": [0, 4.75, 0]
		},
		"gui": {
			"rotation": [0, 180, 0],
			"translation": [0, 1.25, 0]
		},
		"head": {
			"translation": [0, 8.5, 0],
			"scale": [1.9, 1.9, 1.9]
		},
		"fixed": {
			"translation": [0, 2, -3.25],
			"scale": [1.5, 1.5, 1.5]
		}
	},
	"groups": [
		{
			"name": "head",
			"origin": [8, 24, 8],
			"color": 0,
			"children": [
				0,
				1,
				2,
				3,
				{
					"name": "leftear",
					"origin": [3, 30, 8],
					"color": 0,
					"children": [4]
				},
				{
					"name": "rightear",
					"origin": [13, 30, 8],
					"color": 0,
					"children": [5]
				}
			]
		},
		{
			"name": "Helmet",
			"origin": [8, 8, 8],
			"color": 0,
			"children": [6, 7, 8, 9, 10, 11]
		},
		{
			"name": "Comb",
			"origin": [8, 8, 8],
			"color": 0,
			"children": [12, 13]
		}
	]
}