{
	"credit": "Made with Blockbench",
	"parent": "carved_pumpkin",
	"ambientocclusion": false,
	"texture_size": [32, 32],
	"textures": {
		"0": "mccit:item/hats/volcano_hat",
		"1": "mccit:item/hats/volcano_explosion"

	},
	"elements": [
		{
			"from": [0, 0, 0],
			"to": [16, 1, 16],
			"rotation": {"angle": 0, "axis": "y", "origin": [7, 0, 7]},
			"faces": {
				"north": {"uv": [10, 0, 14, 0.25], "texture": "#0"},
				"east": {"uv": [10, 0.25, 14, 0.5], "texture": "#0"},
				"south": {"uv": [10, 0.5, 14, 0.75], "texture": "#0"},
				"west": {"uv": [10, 0.75, 14, 1], "texture": "#0"},
				"up": {"uv": [4, 4, 0, 0], "texture": "#0"},
				"down": {"uv": [4, 4, 0, 8], "texture": "#0"}
			}
		},
		{
			"from": [1, 1, 1],
			"to": [15, 2, 15],
			"rotation": {"angle": 0, "axis": "y", "origin": [7, 1, 7]},
			"faces": {
				"north": {"uv": [10, 1, 13.5, 1.25], "texture": "#0"},
				"east": {"uv": [10, 1.25, 13.5, 1.5], "texture": "#0"},
				"south": {"uv": [10, 1.5, 13.5, 1.75], "texture": "#0"},
				"west": {"uv": [10, 1.75, 13.5, 2], "texture": "#0"},
				"up": {"uv": [7.5, 3.5, 4, 0], "texture": "#0"},
				"down": {"uv": [7.5, 3.5, 4, 7], "texture": "#0"}
			}
		},
		{
			"from": [2, 2, 2],
			"to": [14, 3, 14],
			"rotation": {"angle": 0, "axis": "y", "origin": [8, 2, 8]},
			"faces": {
				"north": {"uv": [10, 2, 13, 2.25], "texture": "#0"},
				"east": {"uv": [10, 2.25, 13, 2.5], "texture": "#0"},
				"south": {"uv": [10, 2.5, 13, 2.75], "texture": "#0"},
				"west": {"uv": [10, 2.75, 13, 3], "texture": "#0"},
				"up": {"uv": [7, 10, 4, 7], "texture": "#0"},
				"down": {"uv": [10, 7, 7, 10], "texture": "#0"}
			}
		},
		{
			"from": [3, 3, 3],
			"to": [13, 5, 13],
			"rotation": {"angle": 0, "axis": "y", "origin": [7, 3, 7]},
			"faces": {
				"north": {"uv": [9.5, 5, 12, 5.5], "texture": "#0"},
				"east": {"uv": [9.5, 5.5, 12, 6], "texture": "#0"},
				"south": {"uv": [9.5, 6, 12, 6.5], "texture": "#0"},
				"west": {"uv": [9.5, 6.5, 12, 7], "texture": "#0"},
				"up": {"uv": [10, 2.5, 7.5, 0], "texture": "#0"},
				"down": {"uv": [10, 2.5, 7.5, 5], "texture": "#0"}
			}
		},
		{
			"from": [4, 5, 4],
			"to": [12, 6, 12],
			"rotation": {"angle": 0, "axis": "y", "origin": [7, 5, 7]},
			"faces": {
				"north": {"uv": [10, 4.5, 12, 4.75], "texture": "#0"},
				"east": {"uv": [10, 4.75, 12, 5], "texture": "#0"},
				"south": {"uv": [5, 10, 7, 10.25], "texture": "#0"},
				"west": {"uv": [7, 10, 9, 10.25], "texture": "#0"},
				"up": {"uv": [9.5, 7, 7.5, 5], "texture": "#0"},
				"down": {"uv": [2, 8, 0, 10], "texture": "#0"}
			}
		},
		{
			"from": [5, 6, 5],
			"to": [11, 8, 11],
			"rotation": {"angle": 0, "axis": "y", "origin": [7, 6, 7]},
			"faces": {
				"north": {"uv": [10, 3, 11.5, 3.5], "texture": "#0"},
				"east": {"uv": [3.5, 10, 5, 10.5], "texture": "#0"},
				"south": {"uv": [10, 3.5, 11.5, 4], "texture": "#0"},
				"west": {"uv": [10, 4, 11.5, 4.5], "texture": "#0"},
				"up": {"uv": [3.5, 9.5, 2, 8], "texture": "#0"},
				"down": {"uv": [3.5, 9.5, 2, 11], "texture": "#0"}
			}
		},
		{
			"from": [6, 8, 6],
			"to": [10, 9, 10],
			"rotation": {"angle": 0, "axis": "y", "origin": [7, 8, 7]},
			"faces": {
				"north": {"uv": [10, 7, 11, 7.25], "texture": "#0"},
				"east": {"uv": [10, 7.25, 11, 7.5], "texture": "#0"},
				"south": {"uv": [10, 7.5, 11, 7.75], "texture": "#0"},
				"west": {"uv": [10, 7.75, 11, 8], "texture": "#0"},
				"up": {"uv": [1, 11, 0, 10], "texture": "#0"},
				"down": {"uv": [2, 10, 1, 11], "texture": "#0"}
			}
		},
		{
			"from": [6, 9, 6],
			"to": [10, 10, 7],
			"rotation": {"angle": 0, "axis": "y", "origin": [7, 9, 7]},
			"faces": {
				"north": {"uv": [10, 8, 11, 8.25], "texture": "#0"},
				"east": {"uv": [10, 9.75, 10.25, 10], "texture": "#0"},
				"south": {"uv": [10, 8.25, 11, 8.5], "texture": "#0"},
				"west": {"uv": [10, 10, 10.25, 10.25], "texture": "#0"},
				"up": {"uv": [11, 8.75, 10, 8.5], "texture": "#0"},
				"down": {"uv": [11, 8.75, 10, 9], "texture": "#0"}
			}
		},
		{
			"from": [6, 9, 9],
			"to": [10, 10, 10],
			"rotation": {"angle": 0, "axis": "y", "origin": [7, 9, 10]},
			"faces": {
				"north": {"uv": [9, 10, 10, 10.25], "texture": "#0"},
				"east": {"uv": [5, 10.25, 5.25, 10.5], "texture": "#0"},
				"south": {"uv": [10, 9, 11, 9.25], "texture": "#0"},
				"west": {"uv": [5.25, 10.25, 5.5, 10.5], "texture": "#0"},
				"up": {"uv": [11, 9.5, 10, 9.25], "texture": "#0"},
				"down": {"uv": [11, 9.5, 10, 9.75], "texture": "#0"}
			}
		},
		{
			"from": [6, 9, 7],
			"to": [7, 10, 9],
			"rotation": {"angle": 0, "axis": "y", "origin": [7, 9, 9]},
			"faces": {
				"north": {"uv": [5.5, 10.25, 5.75, 10.5], "texture": "#0"},
				"east": {"uv": [3.5, 8, 4, 8.25], "texture": "#0"},
				"south": {"uv": [5.75, 10.25, 6, 10.5], "texture": "#0"},
				"west": {"uv": [3.5, 8.25, 4, 8.5], "texture": "#0"},
				"up": {"uv": [3.75, 9, 3.5, 8.5], "texture": "#0"},
				"down": {"uv": [4, 8.5, 3.75, 9], "texture": "#0"}
			}
		},
		{
			"from": [9, 9, 7],
			"to": [10, 10, 9],
			"rotation": {"angle": 0, "axis": "y", "origin": [10, 9, 9]},
			"faces": {
				"north": {"uv": [6, 10.25, 6.25, 10.5], "texture": "#0"},
				"east": {"uv": [3.5, 9, 4, 9.25], "texture": "#0"},
				"south": {"uv": [6.25, 10.25, 6.5, 10.5], "texture": "#0"},
				"west": {"uv": [3.5, 9.25, 4, 9.5], "texture": "#0"},
				"up": {"uv": [3.75, 10, 3.5, 9.5], "texture": "#0"},
				"down": {"uv": [4, 9.5, 3.75, 10], "texture": "#0"}
			}
		},
		{
			"from": [1, 8, 8],
			"to": [15, 21, 8],
			"rotation": {"angle": 0, "axis": "y", "origin": [7, 8, 8]},
			"faces": {
				"north": {"uv": [7, 6.5, 0, 13], "texture": "#1"},
				"east": {"uv": [0, 6.5, 7, 13], "texture": "#1"},
				"south": {"uv": [0, 6.5, 7, 13], "texture": "#1"},
				"west": {"uv": [0, 6.5, 7, 13], "texture": "#1"},
				"up": {"uv": [0, 6.5, 7, 13], "texture": "#1"},
				"down": {"uv": [0, 6.5, 7, 13], "texture": "#1"}
			}
		},
		{
			"from": [8, 8, 1],
			"to": [8, 21, 15],
			"rotation": {"angle": 0, "axis": "y", "origin": [8, 8, 9]},
			"faces": {
				"north": {"uv": [0, 6.5, 7, 13], "texture": "#1"},
				"east": {"uv": [0, 6.5, 7, 13], "texture": "#1"},
				"south": {"uv": [0, 6.5, 7, 13], "texture": "#1"},
				"west": {"uv": [7, 6.5, 0, 13], "texture": "#1"},
				"up": {"uv": [0, 6.5, 7, 13], "rotation": 270, "texture": "#1"},
				"down": {"uv": [0, 6.5, 7, 13], "rotation": 90, "texture": "#1"}
			}
		}
	],
	"display": {
		"thirdperson_righthand": {
			"rotation": [40, 0, 0],
			"translation": [0, 3.75, 0],
			"scale": [0.5, 0.49, 0.5]
		},
		"thirdperson_lefthand": {
			"rotation": [40, 0, 0],
			"translation": [0, 3.75, 0],
			"scale": [0.5, 0.49, 0.5]
		},
		"firstperson_righthand": {
			"translation": [0, 4, -1],
			"scale": [0.5, 0.5, 0.5]
		},
		"firstperson_lefthand": {
			"translation": [0, 4, -1],
			"scale": [0.5, 0.5, 0.5]
		},
		"ground": {
			"translation": [0, 3, 0],
			"scale": [0.75, 0.75, 0.75]
		},
		"gui": {
			"rotation": [45, 45, 0],
			"translation": [0, 2, 0],
			"scale": [0.75, 0.75, 0.75]
		},
		"head": {
			"translation": [0, 14, 0]
		},
		"fixed": {
			"rotation": [-90, 0, 0],
			"translation": [0, 0, -7.25]
		}
	},
	"groups": [
		{
			"name": "volcano",
			"origin": [8, 8, 8],
			"color": 0,
			"children": [0, 1, 2, 3, 4, 5, 6, 7, 8, 9, 10]
		},
		{
			"name": "explosion",
			"origin": [8, 2, 8],
			"color": 0,
			"children": [11, 12]
		}
	]
}
