{
	"credit": "Made with Blockbench",
	"parent": "carved_pumpkin",
	"texture_size": [ 64, 64 ],
	"textures": {
		"0": "custom:item/DemiseSkull",
		"particle": "custom:item/DemiseSkull"
	},
	"elements": [
		{
			"from": [3.5, 0, 3.5],
			"to": [12.5, 9, 12.5],
			"faces": {
				"north": {"uv": [14, 8, 16, 16], "texture": "#0"},
				"east": {"uv": [12, 8, 14, 16], "texture": "#0"},
				"south": {"uv": [10, 8, 12, 16], "texture": "#0"},
				"west": {"uv": [8, 8, 10, 16], "texture": "#0"},
				"up": {"uv": [10, 0, 12, 8], "texture": "#0"},
				"down": {"uv": [12, 0, 14, 8], "rotation": 180, "texture": "#0"}
			}
		},
		{
			"from": [4, 0.5, 4],
			"to": [12, 8.5, 12],
			"faces": {
				"north": {"uv": [6, 8, 8, 16], "texture": "#0"},
				"east": {"uv": [4, 8, 6, 16], "texture": "#0"},
				"south": {"uv": [2, 8, 4, 16], "texture": "#0"},
				"west": {"uv": [0, 8, 2, 16], "texture": "#0"},
				"up": {"uv": [2, 0, 4, 8], "texture": "#0"},
				"down": {"uv": [4, 0, 6, 8], "rotation": 180, "texture": "#0"}
			}
		}
	],
	"display": {
		"thirdperson_righthand": {
			"rotation": [-117, 0, 177.84],
			"translation": [0, 1.5, 0]
		},
		"thirdperson_lefthand": {
			"rotation": [-131.76, 17.35, 171.75],
			"translation": [0, 1.5, 0]
		},
		"firstperson_righthand": {
			"rotation": [-92.9, -48.2, -86.52],
			"translation": [2, 3.5, -0.5],
			"scale": [0.75, 0.75, 0.75]
		},
		"firstperson_lefthand": {
			"rotation": [-63.04, -60.79, -61.73],
			"translation": [1.25, 5.75, 0],
			"scale": [0.75, 0.75, 0.75]
		},
		"ground": {
			"translation": [0, 3, 0]
		},
		"gui": {
			"translation": [-0.25, 5.5, 0],
			"scale": [1.63281, 1.83008, 1]
		},
		"head": {
			"rotation": [-161.22, -3.09, 172.93],
			"translation": [-1.5, 10.75, 2.75],
			"scale": [1.85938, 1.85938, 1.85938]
		},
		"fixed": {
			"rotation": [180, -0.89, -179.97],
			"translation": [0, 6.25, -1],
			"scale": [2, 2, 2]
		}
	}
}