{
	"credit": "Made with Blockbench",
	"texture_size": [64, 64],
	"textures": {
		"0": "custom:item/firecharged17"
	},
	"elements": [
		{
			"name": "Head",
			"from": [4, 0, 4],
			"to": [12, 8, 12],
			"rotation": {"angle": 0, "axis": "y", "origin": [8, 4, 8]},
			"faces": {
				"north": {"uv": [2, 2, 4, 4], "texture": "#0"},
				"east": {"uv": [0, 2, 2, 4], "texture": "#0"},
				"south": {"uv": [6, 2, 8, 4], "texture": "#0"},
				"west": {"uv": [4, 2, 6, 4], "texture": "#0"},
				"up": {"uv": [4, 2, 2, 0], "texture": "#0"},
				"down": {"uv": [6, 0, 4, 2], "texture": "#0"}
			}
		}
	],
	"display": {
		"thirdperson_righthand": {
			"rotation": [66, 0, 0],
			"translation": [0, 1.75, 3.5],
			"scale": [0.5, 0.5, 0.12]
		},
		"thirdperson_lefthand": {
			"rotation": [66, 0, 0],
			"translation": [0, 1.75, 3.5],
			"scale": [0.5, 0.5, 0.12]
		},
		"firstperson_righthand": {
			"rotation": [0, 152, 0],
			"translation": [0, 6, -1],
			"scale": [1, 1, 0.25]
		},
		"firstperson_lefthand": {
			"rotation": [0, 152, 0],
			"translation": [0, 6, -1],
			"scale": [1, 1, 0.25]
		},
		"ground": {
			"translation": [0, 5.25, 0],
			"scale": [1, 1, 0.25]
		},
		"gui": {
			"rotation": [0, -180, 0],
			"translation": [0, 6, 0],
			"scale": [1.5, 1.5, 0.25]
		},
		"head": {
			"translation": [0, 14, 0],
			"scale": [1, 1, 0.25]
		},
		"fixed": {
			"translation": [0, 4.5, 0],
			"scale": [1, 1, 0.25]
		}
	},
	"groups": [
		{
			"name": "Head",
			"origin": [0, 24, 0],
			"color": 0,
			"children": [0, 1]
		}
	]
}
