{
	"credit": "Made with Blockbench",
	"parent": "carved_pumpkin",
	"texture_size": [ 64, 64 ],
	"textures": {
		"0": "custom:item/phantomMask",
		"particle": "custom:item/phantomMask"
	},
	"elements": [
		{
			"from": [ 0, 0, 0 ],
			"to": [ 16, 16, 16 ],
			"faces": {
				"north": {
					"uv": [ 4, 0, 8, 4 ],
					"texture": "#0",
					"cullface": "north"
				},
				"east": {
					"uv": [ 4, 4, 8, 8 ],
					"texture": "#0"
				},
				"south": {
					"uv": [ 4, 4, 0, 0 ],
					"texture": "#0"
				},
				"west": {
					"uv": [ 0, 4, 4, 8 ],
					"texture": "#0"
				},
				"up": {
					"uv": [ 0, 8, 4, 12 ],
					"texture": "#0"
				},
				"down": {
					"uv": [ 12, 0, 8, 4 ],
					"texture": "#0"
				}
			}
		},
		{
			"from": [ 0, 16, 0 ],
			"to": [ 16, 16, 16 ],
			"faces": {
				"north": {
					"uv": [ 0, 0, 4, 4 ],
					"texture": "#0"
				},
				"east": {
					"uv": [ 0, 4, 4, 8 ],
					"texture": "#0"
				},
				"south": {
					"uv": [ 4, 0, 8, 4 ],
					"texture": "#0"
				},
				"west": {
					"uv": [ 4, 4, 8, 8 ],
					"texture": "#0"
				},
				"up": {
					"uv": [ 12, 4, 8, 0 ],
					"rotation": 180,
					"texture": "#0"
				},
				"down": {
					"uv": [ 4, 8, 0, 12 ],
					"rotation": 180,
					"texture": "#0"
				}
			}
		},
		{
			"from": [ 0, 0, 0 ],
			"to": [ 16, 16, 0 ],
			"rotation": {
				"angle": 0,
				"axis": "y",
				"origin": [ 8, 0, 8 ]
			},
			"faces": {
				"north": {
					"uv": [ 0, 0, 4, 4 ],
					"texture": "#0"
				},
				"east": {
					"uv": [ 0, 4, 4, 8 ],
					"texture": "#0"
				},
				"south": {
					"uv": [ 8, 0, 4, 4 ],
					"texture": "#0"
				},
				"west": {
					"uv": [ 4, 4, 8, 8 ],
					"texture": "#0"
				},
				"up": {
					"uv": [ 0, 8, 4, 12 ],
					"rotation": 180,
					"texture": "#0"
				},
				"down": {
					"uv": [ 12, 0, 8, 4 ],
					"rotation": 180,
					"texture": "#0"
				}
			}
		},
		{
			"from": [ 16, 0, 0 ],
			"to": [ 16, 16, 16 ],
			"rotation": {
				"angle": 0,
				"axis": "y",
				"origin": [ 8, 0, 8 ]
			},
			"faces": {
				"north": {
					"uv": [ 4, 4, 0, 0 ],
					"texture": "#0"
				},
				"east": {
					"uv": [ 0, 4, 4, 8 ],
					"texture": "#0"
				},
				"south": {
					"uv": [ 4, 0, 8, 4 ],
					"texture": "#0"
				},
				"west": {
					"uv": [ 8, 4, 4, 8 ],
					"texture": "#0"
				},
				"up": {
					"uv": [ 0, 8, 4, 12 ],
					"rotation": 180,
					"texture": "#0"
				},
				"down": {
					"uv": [ 12, 0, 8, 4 ],
					"rotation": 180,
					"texture": "#0"
				}
			}
		}
	],
	"display": {
		"thirdperson_righthand": {
			"rotation": [ 26, 11, -7 ],
			"translation": [ 0, -3.25, 2.5 ],
			"scale": [ 0.5, 0.5, 0.5 ]
		},
		"thirdperson_lefthand": {
			"rotation": [ 12, -21, 0 ],
			"translation": [ 2.5, -3.25, 2.5 ],
			"scale": [ 0.5, 0.5, 0.5 ]
		},
		"firstperson_righthand": {
			"rotation": [ -15, 133, -15 ],
			"translation": [ 4.75, 2.75, -1 ],
			"scale": [ 0.5, 0.5, 0.5 ]
		},
		"firstperson_lefthand": {
			"rotation": [ -15, 133, -15 ],
			"translation": [ -0.5, 2.75, -1 ],
			"scale": [ 0.5, 0.5, 0.5 ]
		},
		"gui": {
			"rotation": [ 0, -180, 0 ],
			"scale": [ 0.8, 0.8, 0.8 ]
		},
		"fixed": {
			"scale": [ 1, 1, 0.38 ]
		}
	},
	"groups": [
		{
			"name": "phantomMask",
			"origin": [ 8, 8, 8 ],
			"color": 0,
			"children": [ 0, 1, 2, 3 ]
		}
	]
}
