{
	"credit": "Made with Blockbench",
	"textures": {
		"0": "mccit:item/misc/bat_rocket"
	},
	"elements": [
		{
			"name": "head",
			"from": [7.25, 11, 7.25],
			"to": [8.75, 12.5, 8.75],
			"rotation": {"angle": 0, "axis": "y", "origin": [0, 0, 6]},
			"faces": {
				"north": {"uv": [4.5, 1.5, 6, 3], "texture": "#0"},
				"east": {"uv": [3, 1.5, 4.5, 3], "texture": "#0"},
				"south": {"uv": [1.5, 1.5, 3, 3], "texture": "#0"},
				"west": {"uv": [0, 1.5, 1.5, 3], "texture": "#0"},
				"up": {"uv": [3, 1.5, 1.5, 0], "rotation": 180, "texture": "#0"},
				"down": {"uv": [4.5, 0, 3, 1.5], "rotation": 180, "texture": "#0"}
			}
		},
		{
			"name": "rightEar",
			"from": [7, 12.5, 8.25],
			"to": [7.75, 13.5, 8.5],
			"rotation": {"angle": 0, "axis": "y", "origin": [0, 0, 6]},
			"faces": {
				"north": {"uv": [7.25, 0.25, 8, 1.25], "texture": "#0"},
				"east": {"uv": [7, 0.25, 7.25, 1.25], "texture": "#0"},
				"south": {"uv": [6.25, 0.25, 7, 1.25], "texture": "#0"},
				"west": {"uv": [6, 0.25, 6.25, 1.25], "texture": "#0"},
				"up": {"uv": [7, 0.25, 6.25, 0], "rotation": 180, "texture": "#0"},
				"down": {"uv": [7.75, 0, 7, 0.25], "rotation": 180, "texture": "#0"}
			}
		},
		{
			"name": "leftEar",
			"from": [8.25, 12.5, 8.25],
			"to": [9, 13.5, 8.5],
			"rotation": {"angle": 0, "axis": "y", "origin": [0, 0, 6]},
			"faces": {
				"north": {"uv": [8, 0.25, 7.25, 1.25], "texture": "#0"},
				"east": {"uv": [6.25, 0.25, 6, 1.25], "texture": "#0"},
				"south": {"uv": [7, 0.25, 6.25, 1.25], "texture": "#0"},
				"west": {"uv": [7.25, 0.25, 7, 1.25], "texture": "#0"},
				"up": {"uv": [6.25, 0.25, 7, 0], "rotation": 180, "texture": "#0"},
				"down": {"uv": [7, 0, 7.75, 0.25], "rotation": 180, "texture": "#0"}
			}
		},
		{
			"name": "body",
			"from": [7.25, 8, 7.25],
			"to": [8.75, 11, 8.75],
			"rotation": {"angle": 0, "axis": "y", "origin": [0, 0, 6]},
			"faces": {
				"north": {"uv": [4.5, 5.5, 6, 8.5], "texture": "#0"},
				"east": {"uv": [3, 5.5, 4.5, 8.5], "texture": "#0"},
				"south": {"uv": [1.5, 5.5, 3, 8.5], "texture": "#0"},
				"west": {"uv": [0, 5.5, 1.5, 8.5], "texture": "#0"},
				"up": {"uv": [3, 5.5, 1.5, 4], "rotation": 180, "texture": "#0"},
				"down": {"uv": [4.5, 4, 3, 5.5], "rotation": 180, "texture": "#0"}
			}
		},
		{
			"name": "tail",
			"from": [6.75, 4, 7.75],
			"to": [9.25, 8, 8],
			"rotation": {"angle": 0, "axis": "y", "origin": [0, 0, 6]},
			"faces": {
				"north": {"uv": [3, 8.75, 5.5, 12.75], "texture": "#0"},
				"east": {"uv": [2.75, 8.75, 3, 12.75], "texture": "#0"},
				"south": {"uv": [0.25, 8.75, 2.75, 12.75], "texture": "#0"},
				"west": {"uv": [0, 8.75, 0.25, 12.75], "texture": "#0"},
				"up": {"uv": [2.75, 8.75, 0.25, 8.5], "rotation": 180, "texture": "#0"},
				"down": {"uv": [5.25, 8.5, 2.75, 8.75], "rotation": 180, "texture": "#0"}
			}
		},
		{
			"name": "rightWing",
			"from": [5, 7.75, 7.375],
			"to": [7.5, 11.75, 7.625],
			"rotation": {"angle": 0, "axis": "y", "origin": [0, 0, 6]},
			"faces": {
				"north": {"uv": [13.5, 0.25, 16, 4.25], "texture": "#0"},
				"east": {"uv": [13.25, 0.25, 13.5, 4.25], "texture": "#0"},
				"south": {"uv": [10.75, 0.25, 13.25, 4.25], "texture": "#0"},
				"west": {"uv": [10.5, 0.25, 10.75, 4.25], "texture": "#0"},
				"up": {"uv": [13.25, 0.25, 10.75, 0], "rotation": 180, "texture": "#0"},
				"down": {"uv": [15.75, 0, 13.25, 0.25], "rotation": 180, "texture": "#0"}
			}
		},
		{
			"name": "rightWingTip",
			"from": [3, 8.5, 7.375],
			"to": [5, 11.5, 7.625],
			"rotation": {"angle": 0, "axis": "y", "origin": [0, 0, 6]},
			"faces": {
				"north": {"uv": [8.5, 4.25, 10.5, 7.25], "texture": "#0"},
				"east": {"uv": [8.25, 4.25, 8.5, 7.25], "texture": "#0"},
				"south": {"uv": [6.25, 4.25, 8.25, 7.25], "texture": "#0"},
				"west": {"uv": [6, 4.25, 6.25, 7.25], "texture": "#0"},
				"up": {"uv": [8.25, 4.25, 6.25, 4], "rotation": 180, "texture": "#0"},
				"down": {"uv": [10.25, 4, 8.25, 4.25], "rotation": 180, "texture": "#0"}
			}
		},
		{
			"name": "leftWing",
			"from": [8.5, 7.75, 7.375],
			"to": [11, 11.75, 7.625],
			"rotation": {"angle": 0, "axis": "y", "origin": [0, 0, 6]},
			"faces": {
				"north": {"uv": [16, 0.25, 13.5, 4.25], "texture": "#0"},
				"east": {"uv": [10.75, 0.25, 10.5, 4.25], "texture": "#0"},
				"south": {"uv": [13.25, 0.25, 10.75, 4.25], "texture": "#0"},
				"west": {"uv": [13.5, 0.25, 13.25, 4.25], "texture": "#0"},
				"up": {"uv": [10.75, 0.25, 13.25, 0], "rotation": 180, "texture": "#0"},
				"down": {"uv": [13.25, 0, 15.75, 0.25], "rotation": 180, "texture": "#0"}
			}
		},
		{
			"name": "leftWingTip",
			"from": [10, 8.5, 7.375],
			"to": [12, 11.5, 7.625],
			"rotation": {"angle": 0, "axis": "y", "origin": [0, 0, 6]},
			"faces": {
				"north": {"uv": [10.5, 4.25, 8.5, 7.25], "texture": "#0"},
				"east": {"uv": [6.25, 4.25, 6, 7.25], "texture": "#0"},
				"south": {"uv": [8.25, 4.25, 6.25, 7.25], "texture": "#0"},
				"west": {"uv": [8.5, 4.25, 8.25, 7.25], "texture": "#0"},
				"up": {"uv": [6.25, 4.25, 8.25, 4], "rotation": 180, "texture": "#0"},
				"down": {"uv": [8.25, 4, 10.25, 4.25], "rotation": 180, "texture": "#0"}
			}
		},
		{
			"name": "rightWing",
			"from": [8.5, 7.75, 7.375],
			"to": [11, 11.75, 7.625],
			"rotation": {"angle": 0, "axis": "y", "origin": [0, 0, 6]},
			"faces": {
				"north": {"uv": [10.75, 0.25, 13.25, 4.25], "texture": "#0"},
				"east": {"uv": [10.5, 0.25, 10.75, 4.25], "texture": "#0"},
				"south": {"uv": [13.5, 0.25, 16, 4.25], "texture": "#0"},
				"west": {"uv": [13.25, 0.25, 13.5, 4.25], "texture": "#0"},
				"up": {"uv": [13.25, 0.25, 10.75, 0], "texture": "#0"},
				"down": {"uv": [15.75, 0, 13.25, 0.25], "texture": "#0"}
			}
		},
		{
			"name": "rightWingTip",
			"from": [11, 8.5, 7.375],
			"to": [13, 11.5, 7.625],
			"rotation": {"angle": 0, "axis": "y", "origin": [0, 0, 6]},
			"faces": {
				"north": {"uv": [6.25, 4.25, 8.25, 7.25], "texture": "#0"},
				"east": {"uv": [6, 4.25, 6.25, 7.25], "texture": "#0"},
				"south": {"uv": [8.5, 4.25, 10.5, 7.25], "texture": "#0"},
				"west": {"uv": [8.25, 4.25, 8.5, 7.25], "texture": "#0"},
				"up": {"uv": [8.25, 4.25, 6.25, 4], "texture": "#0"},
				"down": {"uv": [10.25, 4, 8.25, 4.25], "texture": "#0"}
			}
		},
		{
			"name": "leftWing",
			"from": [5, 7.75, 7.375],
			"to": [7.5, 11.75, 7.625],
			"rotation": {"angle": 0, "axis": "y", "origin": [0, 0, 6]},
			"faces": {
				"north": {"uv": [13.25, 0.25, 10.75, 4.25], "texture": "#0"},
				"east": {"uv": [13.5, 0.25, 13.25, 4.25], "texture": "#0"},
				"south": {"uv": [16, 0.25, 13.5, 4.25], "texture": "#0"},
				"west": {"uv": [10.75, 0.25, 10.5, 4.25], "texture": "#0"},
				"up": {"uv": [10.75, 0.25, 13.25, 0], "texture": "#0"},
				"down": {"uv": [13.25, 0, 15.75, 0.25], "texture": "#0"}
			}
		},
		{
			"name": "leftWingTip",
			"from": [4, 8.5, 7.375],
			"to": [6, 11.5, 7.625],
			"rotation": {"angle": 0, "axis": "y", "origin": [0, 0, 6]},
			"faces": {
				"north": {"uv": [8.25, 4.25, 6.25, 7.25], "texture": "#0"},
				"east": {"uv": [8.5, 4.25, 8.25, 7.25], "texture": "#0"},
				"south": {"uv": [10.5, 4.25, 8.5, 7.25], "texture": "#0"},
				"west": {"uv": [6.25, 4.25, 6, 7.25], "texture": "#0"},
				"up": {"uv": [6.25, 4.25, 8.25, 4], "texture": "#0"},
				"down": {"uv": [8.25, 4, 10.25, 4.25], "texture": "#0"}
			}
		},
		{
			"name": "tailBack",
			"from": [6.75, 4, 8],
			"to": [9.25, 8, 8.25],
			"rotation": {"angle": 0, "axis": "y", "origin": [0, 0, 6]},
			"faces": {
				"north": {"uv": [0.25, 8.75, 2.75, 12.75], "texture": "#0"},
				"east": {"uv": [0, 8.75, 0.25, 12.75], "texture": "#0"},
				"south": {"uv": [3, 8.75, 5.5, 12.75], "texture": "#0"},
				"west": {"uv": [2.75, 8.75, 3, 12.75], "texture": "#0"},
				"up": {"uv": [2.75, 8.75, 0.25, 8.5], "texture": "#0"},
				"down": {"uv": [5.25, 8.5, 2.75, 8.75], "texture": "#0"}
			}
		}
	],
	"groups": [
		{
			"name": "head",
			"origin": [0, 24, 0],
			"color": 0,
			"children": [
				0,
				{
					"name": "rightEar",
					"origin": [0, 24, 0],
					"color": 1,
					"children": [1]
				},
				{
					"name": "leftEar",
					"origin": [0, 24, 0],
					"color": 2,
					"children": [2]
				}
			]
		},
		{
			"name": "body",
			"origin": [0, 24, 0],
			"color": 3,
			"children": [
				3,
				4,
				{
					"name": "rightWing",
					"origin": [0, 24, 0],
					"color": 4,
					"children": [
						5,
						{
							"name": "rightWingTip",
							"origin": [12, 23, 1.5],
							"color": 5,
							"children": [6]
						}
					]
				},
				{
					"name": "leftWing",
					"origin": [0, 24, 0],
					"color": 6,
					"children": [
						7,
						{
							"name": "leftWingTip",
							"origin": [-12, 23, 1.5],
							"color": 7,
							"children": [8]
						}
					]
				}
			]
		},
		{
			"name": "rightWingBack",
			"origin": [0, 24, 0],
			"color": 4,
			"children": [
				9,
				{
					"name": "rightWingTip",
					"origin": [12, 23, 1.5],
					"color": 5,
					"children": [10]
				}
			]
		},
		{
			"name": "leftWingBack",
			"origin": [0, 24, 0],
			"color": 6,
			"children": [
				11,
				{
					"name": "leftWingTip",
					"origin": [-12, 23, 1.5],
					"color": 7,
					"children": [12]
				}
			]
		},
		13
	]
}
